h,S,P,Q
0.0,0.0,0.0,0.0
0.008208208208208197,0.0,0.06633162413869814,0.0
0.016416416416416394,0.0,0.13258619432994612,0.0
0.024624624624624593,0.0,0.1988407645211941,0.0
0.03283283283283279,0.0,0.26509533471244207,0.0
0.04104104104104098,0.0,0.33134990490369004,0.0
0.049249249249249186,0.0,0.397604475094938,0.0
0.05745745745745738,0.0,0.463859045286186,0.0
0.06566566566566558,0.0,0.530113615477434,0.0
0.07387387387387377,0.0,0.5963681856686819,0.0
0.08208208208208197,0.0,0.6626227558599299,0.0
0.09029029029029016,0.0,0.7288773260511778,0.0
0.09849849849849837,0.0,0.7951318962424259,0.0
0.10670670670670657,0.03853303856522294,1.0759392000608894,0.004785950153582535
0.11491491491491476,0.03853303856522294,1.404780697973668,0.004006399969880724
0.12312312312312296,0.03853303856522294,1.7336221958864462,0.003482226522317124
0.13133133133133115,0.03853303856522294,2.0624636937992245,0.0031014809402828774
0.13953953953953935,0.03853303856522294,2.391305191712003,0.002810196274078084
0.14774774774774754,0.10107029885068862,2.884363054339424,0.012372112581799804
0.15595595595595574,0.10107029885068862,3.3871805458772326,0.011115224746607642
0.16416416416416393,0.1603714951748573,3.8879630497444695,0.02188610309928895
0.17237237237237213,0.1991311239403121,4.352854593843609,0.02911747410988756
0.18058058058058032,0.1991311239403121,4.734318902726693,0.027531600910833377
0.18878878878878852,0.1991311239403121,5.115783211609778,0.02614538550053018
0.19699699699699674,0.1991311239403121,5.497247520492865,0.02492142911272872
0.20520520520520494,0.1991311239403121,5.878711829375949,0.02383133417831412
0.21341341341341313,0.4031213558994562,6.754785403967137,0.07037577690448447
0.22162162162162133,0.465078729818692,8.231734374724043,0.07828065671521969
0.22982982982982952,0.465078729818692,9.327293860279692,0.07202416841363073
0.23803803803803772,0.551024612512189,11.124437425369662,0.0849579819108648
0.24624624624624591,0.551024612512189,12.936433953534772,0.07682687629691484
0.2544544544544541,0.7802244680955536,14.28310065756839,0.1284070419230144
0.2626626626626623,0.9226050557962735,15.926167175915456,0.1579028976486397
0.27087087087087053,1.0832278215050686,18.85341974323116,0.18437872818663142
0.2790790790790787,1.0832278215050686,20.518365781086832,0.17426455469141527
0.2872872872872869,1.2789121667939953,21.977161760296525,0.21954557661055918
0.2954954954954951,1.4933915735787622,24.247848094447757,0.26624323934695154
0.3037037037037033,1.7240720467994306,26.412144987795227,0.31951736447881585
0.3119119119119115,1.7240720467994306,27.943986935769004,0.30773106084420426
0.3201201201201197,2.2728287951188677,29.480296831696524,0.47064617462407615
0.32832832832832787,2.2728287951188677,31.317448556492547,0.4520552520912079
0.3365365365365361,2.576942175709947,32.980753974115295,0.5384003069379095
0.34474474474474426,2.902027360188921,34.40347408858657,0.6380756925332667
0.3529529529529525,3.244689792809753,35.45143224440239,0.7533046996934433
0.36116116116116065,3.244689792809753,36.087223203609476,0.7444306115692205
0.36936936936936887,3.244689792809753,36.723014162816554,0.7358133342757778
0.37757757757757704,3.960877967645001,37.26777085714305,1.0159399900420119
0.38578578578578526,3.960877967645001,37.804951384115554,1.0062932140807381
0.3939939939939935,3.960877967645001,38.34213191108806,0.996872223928729
0.40220220220220165,5.087275085531909,39.026319601608556,1.4951159283896418
0.4104104104104099,5.47901357812333,40.103652997188746,1.6614447415363178
0.41861861861861804,5.47901357812333,41.03311085971491,1.6362596783151753
0.42682682682682627,5.882941268302403,42.70924797731292,1.793690333782818
0.43503503503503443,6.303600284645672,43.78349985004375,1.9794537440625788
0.44324324324324266,6.303600284645672,44.38321417003849,1.9615821776386904
0.4514514514514508,6.303600284645672,44.98292849003323,1.9441086083540384
0.45965965965965905,6.303600284645672,45.58264281002798,1.9270190417924682
0.4678678678678672,7.631463917083014,45.87952495258877,2.6385887908896617
0.47607607607607544,8.086645808316367,46.51822463368952,2.8794078074298795
0.4842842842842836,8.086645808316367,47.28146690588198,2.8483365593553245
0.49249249249249183,8.086645808316367,48.044709178074434,2.818090178349091
0.5007007007007,8.086645808316367,48.8079514502669,2.7886341763317177
0.5089089089089082,8.086645808316367,49.57119372245935,2.7599360173288017
0.5171171171171164,9.988089722101057,50.41571494353852,3.8802943159165655
0.5253253253253246,9.988089722101057,51.27269665045252,3.8369356428507584
0.5335335335335328,10.99652703104644,52.154506917720305,4.45316968443659
0.5417417417417411,11.51666876702377,53.12033234525587,4.7512604107315966
0.5499499499499492,11.51666876702377,54.276127480262524,4.683567539175388
0.5581581581581574,11.51666876702377,55.4319226152692,4.618235356728454
0.5663663663663656,12.596106557651282,56.31292130535077,5.3059082324526505
0.5745745745745738,12.596106557651282,57.11441913715195,5.256152169784528
0.582782782782782,13.723026649784348,57.900258638876274,6.00805737854406
0.5909909909909902,13.723026649784348,58.65557002944386,5.95636862917864
0.5991991991991984,13.723026649784348,59.410881420011435,5.905777447442664
0.6074074074074066,13.723026649784348,60.16619281057902,5.856247012786367
0.6156156156156147,15.463025502422065,60.43308608719768,7.12435417333625
0.623823823823823,15.463025502422065,60.47448864811269,7.121102111388993
0.6320320320320312,15.463025502422065,60.5158912090277,7.117853758083372
0.6402402402402394,15.463025502422065,60.55729376994271,7.114609106657095
0.6484484484484475,15.463025502422065,60.59869633085772,7.111368150364816
0.6566566566566557,15.463025502422065,60.64009889177273,7.108130882478075
0.664864864864864,15.463025502422065,60.68150145268775,7.104897296285243
0.6730730730730722,15.463025502422065,60.72290401360276,7.101667385091478
0.6812812812812804,15.463025502422065,60.76430657451777,7.098441142218666
0.6894894894894885,15.463025502422065,60.80570913543278,7.095218561005363
0.6976976976976967,15.463025502422065,60.84711169634779,7.0919996348067516
0.705905905905905,15.463025502422065,60.8885142572628,7.088784356994578
0.7141141141141132,15.463025502422065,60.92991681817781,7.08557272095711
0.7223223223223213,15.463025502422065,60.971319379092826,7.0823647200990765
0.7305305305305295,15.463025502422065,61.012721940007836,7.079160347841619
0.7387387387387377,15.463025502422065,61.054124500922846,7.075959597622243
0.746946946946946,15.463025502422065,61.095527061837856,7.072762462894754
0.7551551551551541,15.463025502422065,61.13692962275287,7.069568937129218
0.7633633633633623,15.463025502422065,61.17833218366788,7.06637901381191
0.7715715715715705,25.13192966664642,61.21963458772824,15.869154934815748
0.7797797797797787,25.13192966664642,61.26051403640876,15.862094438228368
0.787987987987987,25.13192966664642,61.301393485089285,15.855041789785044
0.7961961961961951,25.13192966664642,61.342272933769806,15.847996975537228
0.8044044044044033,25.13192966664642,61.383152382450334,15.840959981570428
0.8126126126126115,25.13192966664642,61.424031831130854,15.833930794004123
0.8208208208208198,25.13192966664642,61.464911279811375,15.826909398991628
0.8290290290290279,25.13192966664642,61.5057907284919,15.819895782720025
0.8372372372372361,25.13192966664642,61.54667017717242,15.812889931410027
0.8454454454454443,25.13192966664642,61.587549625852944,15.805891831315892
0.8536536536536525,25.13192966664642,61.62842907453347,15.798901468725314
0.8618618618618606,25.13192966664642,61.66930852321399,15.791918829959318
0.8700700700700689,25.13192966664642,61.71018797189452,15.784943901372154
0.8782782782782771,25.13192966664642,61.75106742057504,15.777976669351212
0.8864864864864853,25.13192966664642,61.79194686925556,15.771017120316897
0.8946946946946934,25.13192966664642,61.83282631793609,15.764065240722523
0.9029029029029016,25.13192966664642,61.87370576661661,15.757121017054251
0.9111111111111099,25.13192966664642,61.91458521529713,15.75018443583095
0.9193193193193181,25.13192966664642,61.95546466397766,15.7432554836041
0.9275275275275263,25.13192966664642,61.99634411265818,15.73633414695772
0.9357357357357344,25.13192966664642,62.037223561338706,15.72942041250822
0.9439439439439427,25.13192966664642,62.07810301001923,15.722514266904358
0.9521521521521509,25.13192966664642,62.11898245869975,15.715615696827083
0.9603603603603591,25.13192966664642,62.159861907380275,15.708724688989491
0.9685685685685672,25.13192966664642,62.200741356060796,15.701841230136683
0.9767767767767754,25.13192966664642,62.241620804741316,15.694965307045694
0.9849849849849837,25.13192966664642,62.282500253421844,15.688096906525379
0.9931931931931919,25.13192966664642,62.323379702102365,15.681236015416324
1.0014014014014,25.13192966664642,62.36425915078289,15.67438262059075
1.0096096096096083,25.13192966664642,62.40513859946341,15.667536708952406
1.0178178178178163,25.13192966664642,62.446018048143934,15.66069826743649
1.0260260260260246,25.13192966664642,62.48689749682446,15.653867283009525
1.0342342342342328,25.13192966664642,62.52777694550498,15.647043742669307
1.042442442442441,25.13192966664642,62.5686563941855,15.640227633444768
1.0506506506506492,25.13192966664642,62.60953584286603,15.633418942395885
1.0588588588588574,25.13192966664642,62.65041529154655,15.626617656613625
1.0670670670670657,42.95402418908347,62.679514340856024,38.16751720239462
1.075275275275274,42.95402418908347,62.706711172703315,38.156480525164234
1.0834834834834821,42.95402418908347,62.7339080045506,38.145451823002894
1.0916916916916901,42.95402418908347,62.761104836397884,38.13443108669418
1.0998998998998983,42.95402418908347,62.78830166824517,38.123418307036296
1.1081081081081066,42.95402418908347,62.81549850009245,38.112413474842086
1.1163163163163148,42.95402418908347,62.842695331939744,38.10141658093895
1.124524524524523,42.95402418908347,62.86989216378703,38.090427616168846
1.1327327327327312,42.95402418908347,62.89708899563431,38.07944657138826
1.1409409409409395,42.95402418908347,62.9242858274816,38.06847343746814
1.1491491491491477,42.95402418908347,62.95148265932889,38.057508205293935
1.1573573573573557,42.95402418908347,62.97867949117617,38.04655086576552
1.165565565565564,42.95402418908347,63.00587632302346,38.03560140979714
1.1737737737737721,42.95402418908347,63.03307315487074,38.024659828317446
1.1819819819819803,42.95402418908347,63.06026998671803,38.01372611226944
1.1901901901901886,42.95402418908347,63.08746681856532,38.00280025261042
1.1983983983983968,42.95402418908347,63.1146636504126,37.99188224031199
1.206606606606605,42.95402418908347,63.14186048225989,37.98097206636
1.2148148148148132,42.95402418908347,63.16905731410718,37.97006972175454
1.2230230230230215,42.95402418908347,63.19625414595446,37.95917519750989
1.2312312312312295,42.95402418908347,63.22345097780175,37.94828848465455
1.2394394394394377,42.95402418908347,63.25064780964903,37.93740957423109
1.247647647647646,42.95402418908347,63.277844641496316,37.92653845729625
1.2558558558558541,42.95402418908347,63.30504147334361,37.915675124920845
1.2640640640640624,42.95402418908347,63.33223830519089,37.904819568189765
1.2722722722722706,42.95402418908347,63.359435137038176,37.8939717782019
1.2804804804804788,42.95402418908347,63.38663196888546,37.883131746070184
1.288688688688687,42.95402418908347,63.41382880073275,37.87229946292149
1.296896896896895,42.95402418908347,63.441025632580036,37.86147491989666
1.3051051051051032,42.95402418908347,63.46822246442732,37.85065810815046
1.3133133133133115,42.95402418908347,63.495419296274605,37.839849018851545
1.3215215215215197,42.95402418908347,63.522616128121896,37.82904764318242
1.329729729729728,42.95402418908347,63.54981295996918,37.81825397233945
1.3379379379379361,42.95402418908347,63.577009791816465,37.80746799753279
1.3461461461461444,42.95402418908347,63.60420662366375,37.7966897099864
1.3543543543543526,42.95402418908347,63.631403455511034,37.78591910093797
1.3625625625625608,42.95402418908347,63.658600287358325,37.77515616163892
1.3707707707707688,42.95402418908347,63.68579711920561,37.7644008833544
1.378978978978977,42.95402418908347,63.712993951052894,37.75365325736319
1.3871871871871853,42.95402418908347,63.74019078290018,37.74291327495774
1.3953953953953935,42.95402418908347,63.76738761474747,37.73218092744413
1.4036036036036017,42.95402418908347,63.794584446594754,37.721456206142
1.41181181181181,42.95402418908347,63.82178127844204,37.710739102384565
1.4200200200200181,42.95402418908347,63.84897811028932,37.700029607518594
1.4282282282282264,42.95402418908347,63.876174942136615,37.68932771290434
1.4364364364364344,42.95402418908347,63.9033717739839,37.67863340991557
1.4446446446446426,42.95402418908347,63.93056860583118,37.66794668993947
1.4528528528528508,42.95402418908347,63.95776543767847,37.65726754437669
1.461061061061059,42.95402418908347,63.98496226952575,37.646595964641264
1.4692692692692673,42.95402418908347,64.01215910137304,37.635931942160596
1.4774774774774755,42.95402418908347,64.03935593322032,37.62527546837549
1.4856856856856837,42.95402418908347,64.06655276506761,37.61462653473999
1.493893893893892,42.95402418908347,64.0937495969149,37.603985132721505
1.5021021021021002,42.95402418908347,64.12094642876218,37.5933512538007
1.5103103103103082,42.95402418908347,64.14814326060947,37.58272488947145
1.5185185185185164,42.95402418908347,64.17534009245676,37.57210603124091
1.5267267267267246,42.95402418908347,64.20253692430404,37.561494670629365
1.5349349349349328,42.95402418908347,64.22973375615133,37.55089079917032
1.543143143143141,42.95402418908347,64.25693058799861,37.540294408410375
1.5513513513513493,42.95402418908347,64.2841274198459,37.52970548990927
1.5595595595595575,42.95402418908347,64.3113242516932,37.51912403523983
1.5677677677677657,42.95402418908347,64.33852108354047,37.508550035987945
1.575975975975974,42.95402418908347,64.36571791538776,37.49798348375252
1.584184184184182,42.95402418908347,64.39291474723504,37.48742437014552
1.5923923923923902,42.95402418908347,64.42011157908233,37.47687268679183
1.6006006006005984,42.95402418908347,64.44730841092962,37.466328425329344
1.6088088088088066,42.95402418908347,64.4745052427769,37.45579157740889
1.6170170170170148,42.95402418908347,64.50170207462419,37.445262134694154
1.625225225225223,42.95402418908347,64.52889890647148,37.43474008886177
1.6334334334334313,42.95402418908347,64.55609573831876,37.42422543160122
1.6416416416416395,42.95402418908347,64.58329257016605,37.413718154614756
1.6498498498498475,42.95402418908347,64.61048940201333,37.40321824961752
1.6580580580580557,42.95402418908347,64.63768623386062,37.39272570833737
1.666266266266264,42.95402418908347,64.66488306570791,37.382240522514984
1.6744744744744722,42.95402418908347,64.69207989755519,37.371762683903725
1.6826826826826804,42.95402418908347,64.71927672940248,37.361292184269665
1.6908908908908886,42.95402418908347,64.74647356124976,37.35082901539159
1.6990990990990968,42.95402418908347,64.77367039309705,37.340373169060925
1.707307307307305,42.95402418908347,64.80086722494434,37.32992463708172
1.7155155155155133,42.95402418908347,64.82806405679162,37.31948341127065
1.7237237237237213,42.95402418908347,64.85526088863891,37.30904948345697
1.7319319319319295,42.95402418908347,64.8824577204862,37.29862284548248
1.7401401401401377,42.95402418908347,64.90965455233348,37.288203489201535
1.748348348348346,42.95402418908347,64.93685138418077,37.27779140648097
1.7565565565565542,42.95402418908347,64.96404821602805,37.26738658920016
1.7647647647647624,42.95402418908347,64.99124504787534,37.256989029250875
1.7729729729729706,42.95402418908347,65.01844187972263,37.246598718537356
1.7811811811811789,42.95402418908347,65.04563871156991,37.23621564897627
1.7893893893893869,42.95402418908347,65.0728355434172,37.22583981249663
1.797597597597595,42.95402418908347,65.10003237526448,37.215471201039875
1.8058058058058033,42.95402418908347,65.12722920711177,37.20510980655972
1.8140140140140115,42.95402418908347,65.15442603895906,37.19475562102222
1.8222222222222197,42.95402418908347,65.18162287080634,37.18440863640575
1.830430430430428,42.95402418908347,65.20881970265363,37.17406884470091
1.8386386386386362,42.95402418908347,65.23601653450092,37.16373623791058
1.8468468468468444,42.95402418908347,65.2632133663482,37.15341080804982
1.8550550550550526,42.95402418908347,65.29041019819549,37.143092547145926
1.8632632632632606,93.47930649658636,65.32191087979469,135.7035197201763
1.8714714714714689,93.47930649658636,65.35993334598716,135.6508852020446
1.879679679679677,93.47930649658636,65.39795581217963,135.59830169183198
1.8878878878878853,93.47930649658636,65.43597827837209,135.54576911049375
1.8960960960960935,95.40715241684933,65.47805525371477,140.17662667030842
1.9043043043043018,95.40715241684933,65.52153699331146,140.11460331937909
1.91251251251251,95.40715241684933,65.56501873290813,140.0526485309611
1.9207207207207182,95.40715241684933,65.60850047250482,139.99076218386907
1.9289289289289262,95.40715241684933,65.65198221210149,139.92894415721193
1.9371371371371344,95.40715241684933,65.69546395169817,139.867194330392
1.9453453453453426,95.40715241684933,65.73894569129484,139.80551258310425
1.9535535535535509,95.40715241684933,65.78242743089153,139.74389879533504
1.961761761761759,95.40715241684933,65.8259091704882,139.68235284736164
1.9699699699699673,95.40715241684933,65.86939091008489,139.62087461975102
1.9781781781781755,95.40715241684933,65.91287264968156,139.55946399335912
1.9863863863863838,95.40715241684933,65.95635438927825,139.49812084932987
1.994594594594592,101.8637850965297,65.99398333768274,155.52540851642087
2.0028028028028,101.8637850965297,66.02700911044379,155.4735431242365
2.0110110110110084,101.8637850965297,66.06003488320484,155.4217209512599
2.0192192192192167,101.8637850965297,66.09306065596589,155.36994193989688
2.027427427427425,101.8637850965297,66.12608642872694,155.31820603265857
2.0356356356356327,101.8637850965297,66.15911220148799,155.26651317216164
2.043843843843841,101.8637850965297,66.19213797424904,155.2148633011275
2.052052052052049,101.8637850965297,66.22516374701009,155.16325636238236
2.0602602602602573,101.8637850965297,66.25818951977114,155.11169229885698
2.0684684684684655,101.8637850965297,66.29121529253219,155.06017105358637
2.0766766766766738,101.8637850965297,66.32424106529324,155.0086925697095
2.084884884884882,101.8637850965297,66.35726683805429,154.9572567904692
2.09309309309309,101.8637850965297,66.39029261081534,154.90586365921172
2.1013013013012984,101.8637850965297,66.42331838357639,154.85451311938672
2.1095095095095067,101.8637850965297,66.45634415633744,154.8032051145468
2.117717717717715,101.8637850965297,66.48936992909849,154.75193958834748
2.125925925925923,101.8637850965297,66.52239570185955,154.70071648454675
2.1341341341341313,101.8637850965297,66.5554214746206,154.64953574700507
2.1423423423423396,101.8637850965297,66.58844724738165,154.59839731968492
2.150550550550548,112.27812087267645,66.621152482531,181.76978543105437
2.158758758758756,112.27812087267645,66.64939933089963,181.7184242649214
2.1669669669669642,112.27812087267645,66.67764617926825,181.66709936515397
2.175175175175172,112.27812087267645,66.70589302763689,181.61581069079676
2.1833833833833802,112.27812087267645,66.73413987600551,181.56455820095823
2.1915915915915885,112.27812087267645,66.76238672437414,181.51334185481008
2.1997997997997967,112.27812087267645,66.79063357274278,181.46216161158748
2.208008008008005,112.27812087267645,66.8188804211114,181.41101743058874
2.216216216216213,112.27812087267645,66.84712726948003,181.3599092711752
2.2244244244244213,112.27812087267645,66.87537411784865,181.30883709277117
2.2326326326326296,112.27812087267645,66.90362096621729,181.25780085486377
2.240840840840838,112.27812087267645,66.93186781458591,181.20680051700285
2.249049049049046,112.27812087267645,66.96011466295454,181.1558360388008
2.2572572572572542,112.27812087267645,66.98836151132318,181.1049073799324
2.2654654654654625,112.27812087267645,67.0166083596918,181.05401450013494
2.2736736736736707,112.27812087267645,67.04485520806043,181.00315735920773
2.281881881881879,112.27812087267645,67.07310205642906,180.95233591701214
2.290090090090087,112.27812087267645,67.10134890479769,180.90155013347177
2.2982982982982954,112.27812087267645,67.12959575316631,180.85079996857172
2.3065065065065036,112.27812087267645,67.15784260153494,180.800085382359
2.3147147147147114,112.27812087267645,67.18608944990358,180.74940633494214
2.3229229229229196,112.27812087267645,67.2143362982722,180.6987627864912
2.331131131131128,112.27812087267645,67.24258314664083,180.64815469723754
2.339339339339336,112.27812087267645,67.27082999500945,180.59758202747386
2.3475475475475442,112.27812087267645,67.29907684337809,180.54704473755382
2.3557557557557525,125.40695788820199,67.32564782975457,217.03024318391678
2.3639639639639607,125.40695788820199,67.35150475319527,216.9746928931342
2.372172172172169,125.40695788820199,67.37736167663599,216.91917813484773
2.380380380380377,125.40695788820199,67.4032186000767,216.8636988727063
2.3885885885885854,125.40695788820199,67.4290755235174,216.8082550704098
2.3967967967967936,125.40695788820199,67.45493244695811,216.7528466917092
2.405005005005002,125.40695788820199,67.48078937039882,216.69747370040642
2.41321321321321,125.40695788820199,67.50664629383952,216.6421360603542
2.4214214214214183,125.40695788820199,67.53250321728024,216.58683373545597
2.4296296296296265,125.40695788820199,67.55836014072095,216.53156668966594
2.4378378378378347,125.40695788820199,67.58421706416166,216.47633488698878
2.446046046046043,125.40695788820199,67.61007398760236,216.42113829147974
2.4542542542542507,125.40695788820199,67.63593091104308,216.36597686724437
2.462462462462459,125.40695788820199,67.66178783448379,216.3108505784385
2.470670670670667,125.40695788820199,67.68764475792449,216.25575938926838
2.4788788788788754,125.40695788820199,67.7135016813652,216.20070326399008
2.4870870870870836,125.40695788820199,67.73935860480591,216.14568216690986
2.495295295295292,134.65756146686815,67.77392514399713,243.28427929562963
2.5035035035035,135.32009870292535,67.80991002733181,245.1957626366141
2.5117117117117083,135.32009870292535,67.84136576542325,245.11996414450167
2.5199199199199165,135.32009870292535,67.87282150351469,245.04422420507854
2.5281281281281247,135.32009870292535,67.90427724160612,244.9685427460091
2.536336336336333,135.32009870292535,67.93573297969755,244.8929196950806
2.544544544544541,135.32009870292535,67.96718871778899,244.81735498020277
2.5527527527527494,135.32009870292535,67.99864445588042,244.74184852940783
2.5609609609609576,135.32009870292535,68.03010019397186,244.66640027084983
2.569169169169166,135.32009870292535,68.0615559320633,244.59101013280466
2.577377377377374,135.32009870292535,68.09301167015474,244.5156780436696
2.5855855855855823,135.32009870292535,68.12446740824616,244.4404039319635
2.59379379379379,135.32009870292535,68.1559231463376,244.36518772632567
2.6020020020019983,141.96263127153978,68.18401830691593,264.60998947307127
2.6102102102102065,141.96263127153978,68.20169567720382,264.56426420862346
2.6184184184184147,141.96263127153978,68.21937304749171,264.51855869265535
2.626626626626623,141.96263127153978,68.23705041777961,264.4728729115237
2.634834834834831,141.96263127153978,68.25472778806751,264.4272068515983
2.6430430430430394,141.96263127153978,68.2724051583554,264.38156049926175
2.6512512512512476,141.96263127153978,68.2900825286433,264.3359338409095
2.659459459459456,141.96263127153978,68.3077598989312,264.29032686295005
2.667667667667664,141.96263127153978,68.3254372692191,264.2447395518048
2.6758758758758723,141.96263127153978,68.34311463950698,264.199171893908
2.6840840840840805,141.96263127153978,68.36079200979488,264.1536238757066
2.6922922922922887,141.96263127153978,68.37846938008278,264.1080954836607
2.700500500500497,141.96263127153978,68.39614675037068,264.062586704243
2.708708708708705,141.96263127153978,68.41382412065856,264.0170975239392
2.7169169169169134,141.96263127153978,68.43150149094646,263.9716279292475
2.7251251251251216,141.96263127153978,68.44917886123436,263.92617790667924
2.7333333333333294,141.96263127153978,68.46685623152226,263.8807474427583
2.7415415415415376,141.96263127153978,68.48453360181014,263.83533652402144
2.749749749749746,141.96263127153978,68.50221097209804,263.7899451370179
2.757957957957954,141.96263127153978,68.51988834238594,263.7445732683102
2.7661661661661623,141.96263127153978,68.53756571267382,263.699220904473
2.7743743743743705,141.96263127153978,68.55524308296172,263.6538880320938
2.7825825825825787,141.96263127153978,68.57292045324962,263.608574637773
2.790790790790787,141.96263127153978,68.59059782353752,263.56328070812344
2.798998998998995,141.96263127153978,68.6082751938254,263.5180062297707
2.8072072072072034,141.96263127153978,68.6259525641133,263.472751189353
2.8154154154154116,141.96263127153978,68.6436299344012,263.42751557352113
2.82362362362362,141.96263127153978,68.6613073046891,263.3822993689384
2.831831831831828,141.96263127153978,68.67898467497699,263.337102562281
2.8400400400400363,141.96263127153978,68.69666204526489,263.29192514023737
2.8482482482482445,141.96263127153978,68.71433941555279,263.24676708950864
2.8564564564564527,141.96263127153978,68.73201678584068,263.20162839680853
2.864664664664661,141.96263127153978,68.74969415612857,263.1565090488632
2.8728728728728687,141.96263127153978,68.76737152641647,263.1114090324114
2.881081081081077,141.96263127153978,68.78504889670437,263.0663283342043
2.889289289289285,141.96263127153978,68.80272626699227,263.0212669410056
2.8974974974974934,141.96263127153978,68.82040363728015,262.97622483959145
2.9057057057057016,141.96263127153978,68.83808100756805,262.9312020167505
2.91391391391391,141.96263127153978,68.85575837785595,262.8861984592837
2.922122122122118,141.96263127153978,68.87343574814385,262.84121415400455
2.9303303303303263,141.96263127153978,68.89111311843173,262.79624908773906
2.9385385385385345,141.96263127153978,68.90879048871963,262.7513032473253
2.9467467467467428,141.96263127153978,68.92646785900753,262.706376619614
2.954954954954951,141.96263127153978,68.94414522929543,262.66146919146814
2.963163163163159,141.96263127153978,68.96182259958331,262.61658094976315
2.9713713713713674,141.96263127153978,68.97949996987121,262.5717118813866
2.9795795795795756,141.96263127153978,68.99717734015911,262.52686197323857
2.987787787787784,141.96263127153978,69.01485471044701,262.48203121223133
2.995995995995992,141.96263127153978,69.0325320807349,262.43721958528954
3.0042042042042003,141.96263127153978,69.0502094510228,262.39242707934994
3.012412412412408,141.96263127153978,69.0678868213107,262.34765368136186
3.0206206206206163,141.96263127153978,69.08556419159859,262.3028993782865
3.0288288288288245,141.96263127153978,69.10324156188648,262.25816415709755
3.0370370370370328,141.96263127153978,69.12091893217438,262.21344800478084
3.045245245245241,141.96263127153978,69.13859630246228,262.16875090833435
3.053453453453449,141.96263127153978,69.15627367275017,262.12407285476826
3.0616616616616574,141.96263127153978,69.17395104303806,262.0794138311051
3.0698698698698657,141.96263127153978,69.19162841332596,262.03477382437933
3.078078078078074,141.96263127153978,69.20930578361386,261.99015282163754
3.086286286286282,141.96263127153978,69.22698315390176,261.94555080993865
3.0944944944944903,141.96263127153978,69.24466052418964,261.9009677763536
3.1027027027026985,175.3492186599843,69.26407047315364,372.3393598504239
3.1109109109109068,175.3492186599843,69.28700974905034,372.2571735291035
3.119119119119115,175.3492186599843,69.30994902494706,372.17503254515873
3.127327327327323,175.3492186599843,69.33288830084376,372.092936858587
3.1355355355355314,175.3492186599843,69.35582757674048,372.0108864294338
3.1437437437437397,175.3492186599843,69.3787668526372,371.92888121779356
3.151951951951948,175.3492186599843,69.4017061285339,371.84692118380894
3.1601601601601557,175.3492186599843,69.42464540443062,371.7650062876707
3.168368368368364,175.3492186599843,69.44758468032732,371.6831364896182
3.176576576576572,175.3492186599843,69.47052395622404,371.60131174993825
3.1847847847847803,175.3492186599843,69.49346323212075,371.51953202896664
3.1929929929929886,175.3492186599843,69.51640250801746,371.43779728708637
3.2012012012011968,175.3492186599843,69.53934178391418,371.3561074847289
3.209409409409405,175.3492186599843,69.56228105981089,371.27446258237325
3.2176176176176132,175.3492186599843,69.5852203357076,371.1928625405461
3.2258258258258214,175.3492186599843,69.60815961160431,371.1113073198224
3.2340340340340297,175.3492186599843,69.63109888750103,371.0297968808239
3.242242242242238,175.3492186599843,69.65403816339774,370.9483311842206
3.250450450450446,175.3492186599843,69.67697743929445,370.8669101907297
3.2586586586586543,175.3492186599843,69.69991671519116,370.78553386111577
3.2668668668668626,175.3492186599843,69.72285599108787,370.7042021561909
3.275075075075071,175.3492186599843,69.74579526698459,370.6229150368141
3.283283283283279,175.3492186599843,69.7687345428813,370.5416724638919
3.2914914914914872,175.3492186599843,69.79167381877801,370.4604743983778
3.299699699699695,175.3492186599843,69.81461309467473,370.37932080127257
3.3079079079079032,175.3492186599843,69.83755237057143,370.29821163362345
3.3161161161161115,175.3492186599843,69.86049164646815,370.2171468565251
3.3243243243243197,175.3492186599843,69.88343092236485,370.1361264311188
3.332532532532528,175.3492186599843,69.90637019826157,370.0551503185923
3.340740740740736,175.3492186599843,69.92930947415829,369.9742184801807
3.3489489489489443,175.3492186599843,69.95224875005499,369.89333087716517
3.3571571571571526,175.3492186599843,69.97518802595171,369.8124874708736
3.365365365365361,175.3492186599843,69.99812730184841,369.7316882226803
3.373573573573569,175.3492186599843,70.02106657774513,369.650933094006
3.3817817817817772,175.3492186599843,70.04400585364185,369.57022204631784
3.3899899899899855,175.3492186599843,70.06694512953855,369.48955504112917
3.3981981981981937,175.3492186599843,70.08988440543527,369.40893203999946
3.406406406406402,175.3492186599843,70.11282368133197,369.3283530045344
3.41461461461461,175.3492186599843,70.13576295722869,369.2478178963857
3.4228228228228184,175.3492186599843,70.15870223312541,369.1673266772509
3.4310310310310266,175.3492186599843,70.18164150902211,369.0868793088737
3.4392392392392344,175.3492186599843,70.20458078491883,369.00647575304345
3.4474474474474426,175.3492186599843,70.22752006081554,368.9261159715954
3.455655655655651,175.3492186599843,70.25045933671225,368.8457999264102
3.463863863863859,175.3492186599843,70.27339861260896,368.76552757941477
3.4720720720720673,175.3492186599843,70.29633788850568,368.6852988925808
3.4802802802802755,175.3492186599843,70.3192771644024,368.60511382792583
3.4884884884884837,175.3492186599843,70.3422164402991,368.52497234751314
3.496696696696692,175.3492186599843,70.36515571619582,368.44487441345086
3.5049049049049,175.3492186599843,70.38809499209252,368.36481998789253
3.5131131131131084,175.3492186599843,70.41103426798924,368.28480903303694
3.5213213213213166,175.3492186599843,70.43397354388595,368.2048415111282
3.529529529529525,175.3492186599843,70.45691281978266,368.12491738445533
3.537737737737733,175.3492186599843,70.47985209567938,368.0450366153522
3.5459459459459413,204.99302980895203,70.50559019689516,477.36878654764075
3.5541541541541495,204.99302980895203,70.53239317104375,477.2478424615665
3.5623623623623577,204.99302980895203,70.55919614519235,477.1269749510646
3.570570570570566,204.99302980895203,70.58599911934094,477.00618393859025
3.5787787787787737,204.99302980895203,70.61280209348955,476.8854693467072
3.586986986986982,204.99302980895203,70.63960506763814,476.76483109808663
3.59519519519519,204.99302980895203,70.66640804178674,476.64426911550703
3.6034034034033984,204.99302980895203,70.69321101593533,476.5237833218548
3.6116116116116066,204.99302980895203,70.72001399008394,476.40337364012294
3.619819819819815,204.99302980895203,70.74681696423254,476.2830399934118
3.628028028028023,204.99302980895203,70.77361993838113,476.16278230492867
3.6362362362362313,204.99302980895203,70.80042291252974,476.0426004979867
3.6444444444444395,204.99302980895203,70.82722588667833,475.92249449600644
3.6526526526526477,204.99302980895203,70.85402886082693,475.80246422251383
3.660860860860856,204.99302980895203,70.88083183497552,475.68250960114136
3.669069069069064,204.99302980895203,70.90763480912413,475.5626305556271
3.6772772772772724,204.99302980895203,70.93443778327273,475.44282700981506
3.6854854854854806,204.99302980895203,70.96124075742132,475.3230988876545
3.693693693693689,204.99302980895203,70.98804373156993,475.20344611319985
3.701901901901897,204.99302980895203,71.01484670571853,475.0838686106111
3.7101101101101053,204.99302980895203,71.04164967986712,474.96436630415275
3.718318318318313,204.99302980895203,71.06845265401572,474.8449391181941
3.7265265265265213,204.99302980895203,71.09525562816432,474.7255869772092
3.7347347347347295,204.99302980895203,71.12205860231292,474.60630980577645
3.7429429429429377,204.99302980895203,71.14886157646151,474.4871075285782
3.751151151151146,204.99302980895203,71.17566455061012,474.36798007040073
3.759359359359354,204.99302980895203,71.20246752475872,474.24892735613474
3.7675675675675624,204.99302980895203,71.22927049890731,474.12994931077407
3.7757757757757706,204.99302980895203,71.2560734730559,474.011045859416
3.783983983983979,204.99302980895203,71.28287644720452,473.89221692726136
3.792192192192187,204.99302980895203,71.30967942135311,473.7734624396138
3.8004004004003953,222.7012822740062,71.34098493115846,543.7713956109748
3.8086086086086035,222.7012822740062,71.46008988626114,543.1670128256701
3.8168168168168117,222.7012822740062,71.57919484136384,542.5643066208382
3.82502502502502,222.7012822740062,71.69829979646653,541.9632695674087
3.833233233233228,222.7012822740062,71.81740475156921,541.3638942814994
3.8414414414414364,222.7012822740062,71.9365097066719,540.7661734240664
3.8496496496496446,222.7012822740062,72.0556146617746,540.1700997005603
3.8578578578578524,222.7012822740062,72.17471961687728,539.575665860581
3.8660660660660606,222.7012822740062,72.29382457197997,538.9828646975394
3.874274274274269,222.7012822740062,72.41292952708265,538.3916890483213
3.882482482482477,222.7012822740062,72.53203448218534,537.802131792953
3.8906906906906853,222.7012822740062,72.65113943728804,537.2141858542725
3.8988988988988935,222.7012822740062,72.77024439239072,536.6278441976017
3.9071071071071017,222.7012822740062,72.88934934749341,536.0430998304221
3.91531531531531,222.7012822740062,73.0084543025961,535.4599458020543
3.923523523523518,222.7012822740062,73.12755925769879,534.8783752033395
3.9317317317317264,222.7012822740062,73.24666421280148,534.2983811663248
3.9399399399399346,222.7012822740062,73.36576916790416,533.7199568639504
3.948148148148143,222.7012822740062,73.48487412300686,533.1430955097409
3.956356356356351,222.7012822740062,73.60397907810955,532.5677903574973
3.9645645645645593,222.7012822740062,73.72308403321223,531.9940347009958
3.9727727727727675,222.7012822740062,73.84218898831493,531.4218218736838
3.9809809809809757,222.7012822740062,73.96129394341762,530.851145248384
3.989189189189184,222.7012822740062,74.0803988985203,530.2819982369979
3.9973973973973917,222.7012822740062,74.19950385362299,529.7143742902132
4.0056056056056,222.7012822740062,74.31860880872568,529.1482668972135
4.013813813813808,237.3856818337262,74.39217611984107,588.1804542874706
4.022022022022017,237.3856818337262,74.41327354720217,588.0692762654437
4.030230230230225,237.3856818337262,74.43437097456327,587.9581507657714
4.038438438438433,237.3856818337262,74.45546840192438,587.8470777487655
4.046646646646641,237.3856818337262,74.47656582928548,587.7360571747781
4.05485485485485,237.3856818337262,74.49766325664658,587.6250890042036
4.0630630630630575,237.3856818337262,74.51876068400767,587.5141731974762
4.071271271271265,237.3856818337262,74.53985811136877,587.403309715072
4.079479479479474,237.3856818337262,74.56095553872987,587.2924985175082
4.087687687687682,237.3856818337262,74.58205296609097,587.1817395653425
4.09589589589589,237.3856818337262,74.60315039345207,587.0710328191738
4.104104104104098,237.3856818337262,74.62424782081317,586.9603782396415
4.112312312312307,237.3856818337262,74.64534524817427,586.8497757874262
4.120520520520515,237.3856818337262,74.66644267553536,586.739225423249
4.128728728728723,237.3856818337262,74.68754010289646,586.6287271078717
4.136936936936931,237.3856818337262,74.70863753025756,586.518280802097
4.14514514514514,237.3856818337262,74.72973495761866,586.4078864667678
4.1533533533533475,237.3856818337262,74.75083238497976,586.2975440627677
4.161561561561556,237.3856818337262,74.77192981234087,586.1872535510206
4.169769769769764,237.3856818337262,74.79302723970197,586.0770148924912
4.177977977977973,237.3856818337262,74.81412466706307,585.9668280481844
4.18618618618618,237.3856818337262,74.83522209442417,585.8566929791451
4.194394394394389,237.3856818337262,74.85631952178527,585.7466096464588
4.202602602602597,237.3856818337262,74.87741694914637,585.6365780112511
4.210810810810805,237.3856818337262,74.89851437650746,585.5265980346878
4.219019019019013,237.3856818337262,74.91961180386856,585.4166696779747
4.227227227227221,237.3856818337262,74.94070923122966,585.3067929023578
4.23543543543543,237.3856818337262,74.96180665859076,585.196967669123
4.2436436436436376,237.3856818337262,74.98290408595186,585.087193939596
4.251851851851846,237.3856818337262,75.00400151331296,584.9774716751427
4.260060060060054,237.3856818337262,75.02509894067406,584.8678008371687
4.268268268268263,237.3856818337262,75.04619636803515,584.7581813871192
4.2764764764764704,237.3856818337262,75.06729379539625,584.6486132864793
4.284684684684679,237.3856818337262,75.08839122275737,584.5390964967736
4.292892892892887,237.3856818337262,75.10948865011845,584.4296309795672
4.301101101101096,237.3856818337262,75.13058607747956,584.3202166964633
4.309309309309303,237.3856818337262,75.15168350484066,584.2108536091057
4.317517517517512,237.3856818337262,75.17278093220176,584.1015416791773
4.32572572572572,237.3856818337262,75.19387835956286,583.9922808684006
4.3339339339339285,237.3856818337262,75.21497578692396,583.8830711385376
4.342142142142136,261.0198323183498,75.23607321462927,683.8218808718115
4.350350350350344,261.0198323183498,75.25717064330931,683.6940741579443
4.358558558558553,261.0198323183498,75.27826807198934,683.566327145216
4.3667667667667605,261.0198323183498,75.2993655006694,683.4386397890187
4.374974974974969,261.0198323183498,75.32046292934943,683.3110120447906
4.383183183183177,261.0198323183498,75.34156035802947,683.1834438680158
4.391391391391386,261.0198323183498,75.36265778670952,683.0559352142235
4.399599599599593,261.0198323183498,75.38375521538956,682.9284860389891
4.407807807807802,261.0198323183498,75.40485264406959,682.8010962979337
4.41601601601601,261.0198323183498,75.42595007274964,682.673765946723
4.4242242242242185,261.0198323183498,75.44704750142968,682.5464949410692
4.432432432432426,261.0198323183498,75.46814493010972,682.419283236729
4.440640640640635,261.0198323183498,75.48924235878977,682.2921307895056
4.448848848848843,261.0198323183498,75.5103397874698,682.1650375552462
4.457057057057051,268.9288625671634,75.53143769790562,716.828208137176
4.465265265265259,268.9288625671634,75.5525356869257,716.6947527652139
4.473473473473468,268.9288625671634,75.57363367594579,716.5613594909896
4.481681681681676,268.9288625671634,75.59473166496586,716.4280282682843
4.489889889889883,268.9288625671634,75.61582965398594,716.2947590509273
4.498098098098092,268.9288625671634,75.63692764300603,716.1615517927945
4.5063063063063,268.9288625671634,75.65802563202611,716.0284064478094
4.5145145145145085,268.9288625671634,75.6791236210462,715.8953229699425
4.522722722722716,268.9288625671634,75.70022161006628,715.7623013132114
4.530930930930925,268.9288625671634,75.72131959908637,715.62934143168
4.539139139139133,268.9288625671634,75.74241758810645,715.4964432794606
4.547347347347341,268.9288625671634,75.76351557712654,715.3636068107105
4.555555555555549,268.9288625671634,75.78461356614662,715.2308319796355
4.563763763763758,268.9288625671634,75.80571155516671,715.0981187404869
4.571971971971966,268.9288625671634,75.82680954418679,714.9654670475634
4.580180180180174,268.9288625671634,75.84790753320686,714.8328768552099
4.588388388388382,268.9288625671634,75.86900552222696,714.7003481178182
4.596596596596591,268.9288625671634,75.89010351124703,714.567880789826
4.6048048048047985,268.9288625671634,75.91120150026713,714.4354748257184
4.613013013013007,268.9288625671634,75.9322994892872,714.3031301800257
4.621221221221215,268.9288625671634,75.9533974783073,714.1708468073258
4.629429429429423,268.9288625671634,75.97449546732737,714.0386246622419
4.637637637637631,268.9288625671634,75.99559345634746,713.9064636994434
4.645845845845839,268.9288625671634,76.01669144536754,713.7743638736464
4.654054054054048,268.9288625671634,76.03778943438762,713.6423251396128
4.662262262262256,268.9288625671634,76.05888742340771,713.5103474521504
4.670470470470464,268.9288625671634,76.07998541242779,713.3784307661131
4.678678678678672,268.9288625671634,76.10108340144788,713.2465750364005
4.686886886886881,268.9288625671634,76.12218139046796,713.1147802179585
4.6950950950950885,268.9288625671634,76.14327937948805,712.9830462657781
4.703303303303297,268.9288625671634,76.16437736850813,712.8513731348964
4.711511511511505,268.9288625671634,76.1854753575282,712.7197607803963
4.719719719719714,268.9288625671634,76.2065733465483,712.5882091574063
4.727927927927921,268.9288625671634,76.22767133556837,712.4567182210999
4.73613613613613,268.9288625671634,76.24876932458847,712.3252879266964
4.744344344344338,268.9288625671634,76.26986731360854,712.1939182294611
4.7525525525525465,268.9288625671634,76.29096530262863,712.0626090847037
4.760760760760754,268.9288625671634,76.31206329164871,711.9313604477798
4.768968968968962,268.9288625671634,76.3331612806688,711.8001722740898
4.777177177177171,268.9288625671634,76.35425926968888,711.66904451908
4.7853853853853785,268.9288625671634,76.37535725870896,711.5379771382413
4.793593593593587,268.9288625671634,76.39645524772905,711.4069700871096
4.801801801801795,268.9288625671634,76.41755323674913,711.276023321266
4.810010010010004,268.9288625671634,76.43865122576922,711.1451367963367
4.818218218218211,268.9288625671634,76.4597492147893,711.0143104679926
4.82642642642642,268.9288625671634,76.48084720380939,710.8835442919494
4.834634634634628,268.9288625671634,76.50194519282947,710.752838223968
4.8428428428428365,268.9288625671634,76.52304318184956,710.6221922198531
4.851051051051044,268.9288625671634,76.54414117086964,710.491606235455
4.859259259259253,268.9288625671634,76.56523915988973,710.3610802266685
4.867467467467461,268.9288625671634,76.5863371489098,710.2306141494325
4.875675675675669,268.9288625671634,76.60743513792988,710.1002079597304
4.883883883883877,268.9288625671634,76.62853312694997,709.9698616135906
4.892092092092086,268.9288625671634,76.64963111597005,709.8395750670855
4.900300300300294,268.9288625671634,76.67072910499014,709.7093482763316
4.908508508508501,268.9288625671634,76.69182709401022,709.5791811974902
4.91671671671671,268.9288625671634,76.71292508303031,709.4490737867665
4.924924924924918,268.9288625671634,76.73402307205039,709.3190260004097
4.9331331331331265,268.9288625671634,76.75512106107047,709.1890377947135
4.941341341341334,268.9288625671634,76.77621905009056,709.0591091260153
4.949549549549543,268.9288625671634,76.79731703911064,708.9292399506968
4.957757757757751,268.9288625671634,76.81841502813073,708.7994302251833
4.965965965965959,268.9288625671634,76.83951301715081,708.6696799059441
4.974174174174167,306.5266974980774,76.87181869077482,881.1306380340117
4.982382382382376,306.5266974980774,76.9149557718217,880.8011576174148
4.990590590590584,306.5266974980774,76.95809285286857,880.4719850339765
4.998798798798792,306.5266974980774,77.00122993391545,880.1431198237811
5.007007007007,306.5266974980774,77.04436701496232,879.8145615278581
5.015215215215209,306.5266974980774,77.0875040960092,879.4863096881778
5.0234234234234165,306.5266974980774,77.13064117705608,879.1583638476505
5.031631631631625,306.5266974980774,77.17377825810296,878.8307235501239
5.039839839839833,306.5266974980774,77.21691533914982,878.5033883403792
5.048048048048041,306.5266974980774,77.2600524201967,878.1763577641298
5.056256256256249,312.3528319750001,77.3031929101538,905.8341463603026
5.064464464464457,312.3528319750001,77.34633446369088,905.4972829406564
5.072672672672666,312.3528319750001,77.38947601722798,905.16073253002
5.080880880880874,312.3528319750001,77.43261757076506,904.8244946633027
5.089089089089082,312.3528319750001,77.47575912430216,904.4885688763633
5.09729729729729,312.3528319750001,77.51890067783924,904.152954706008
5.105505505505499,312.3528319750001,77.56204223137634,903.8176516899875
5.1137137137137065,312.3528319750001,77.60518378491342,903.4826593669951
5.121921921921915,312.3528319750001,77.64832533845052,903.1479772766638
5.130130130130123,312.3528319750001,77.6914668919876,902.8136049595641
5.138338338338332,312.3528319750001,77.73460844552469,902.4795419572015
5.146546546546539,312.3528319750001,77.77774999906178,902.1457878120137
5.154754754754748,312.3528319750001,77.82089155259887,901.8123420673694
5.162962962962956,312.3528319750001,77.86403310613596,901.479204267564
5.1711711711711645,321.14911860712476,77.90488277703625,943.8565659375154
5.179379379379372,321.14911860712476,77.93196156337568,943.6379139225867
5.18758758758758,321.14911860712476,77.95904034971512,943.4193884949442
5.195795795795789,321.14911860712476,77.98611913605455,943.2009895373701
5.2040040040039965,321.14911860712476,78.013197922394,942.982716932795
5.212212212212205,321.14911860712476,78.04027670873343,942.7645705642987
5.220420420420413,321.14911860712476,78.06735549507287,942.5465503151094
5.228628628628622,321.14911860712476,78.0944342814123,942.3286560686045
5.236836836836829,321.14911860712476,78.12151306775175,942.1108877083083
5.245045045045038,321.14911860712476,78.14859185409118,941.8932451178947
5.253253253253246,321.14911860712476,78.17567064043062,941.6757281811842
5.2614614614614545,321.14911860712476,78.20274942677005,941.4583367821455
5.269669669669662,321.14911860712476,78.2298282131095,941.241070804894
5.277877877877871,321.14911860712476,78.25690699944894,941.0239301336926
5.286086086086079,321.14911860712476,78.28398578578837,940.8069146529509
5.294294294294287,321.14911860712476,78.31106457212782,940.5900242472246
5.302502502502495,321.14911860712476,78.33814335846725,940.3732588012167
5.310710710710704,321.14911860712476,78.3652221448067,940.1566181997749
5.318918918918912,321.14911860712476,78.39230093114612,939.9401023278944
5.327127127127119,321.14911860712476,78.41937971748557,939.7237110707146
5.335335335335328,321.14911860712476,78.446458503825,939.507444313521
5.343543543543536,321.14911860712476,78.47353729016444,939.2913019417439
5.351751751751745,321.14911860712476,78.50061607650387,939.0752838409593
5.359959959959952,321.14911860712476,78.52769486284332,938.8593898968867
5.368168168168161,321.14911860712476,78.55477364918275,938.643619995391
5.376376376376369,321.14911860712476,78.5818524355222,938.427974022481
5.3845845845845774,321.14911860712476,78.60893122186162,938.2124518643094
5.392792792792785,321.14911860712476,78.63601000820107,937.9970534071724
5.401001001000994,321.14911860712476,78.66308879454051,937.7817785375105
5.409209209209202,321.14911860712476,78.69016758087994,937.5666271419071
5.41741741741741,321.14911860712476,78.71724636721939,937.3515991070883
5.425625625625618,321.14911860712476,78.74432515355882,937.1366943199233
5.433833833833827,321.14911860712476,78.77140393989826,936.9219126674243
5.442042042042035,321.14911860712476,78.7984827262377,936.7072540367454
5.450250250250243,321.14911860712476,78.82556151257714,936.4927183151827
5.458458458458451,321.14911860712476,78.85264029891657,936.2783053901749
5.466666666666659,321.14911860712476,78.87971908525601,936.0640151493017
5.4748748748748675,343.3433943022269,78.90991917666652,1046.0794189147337
5.483083083083075,343.3433943022269,78.94225354854656,1045.7937533056418
5.491291291291284,343.3433943022269,78.9745879204266,1045.5082826421383
5.499499499499492,343.3433943022269,79.00692229230664,1045.2230067114524
5.5077077077077,343.3433943022269,79.03925666418667,1044.9379253011336
5.515915915915908,343.3433943022269,79.0715910360667,1044.6530381990485
5.524124124124117,343.3433943022269,79.10392540794675,1044.368345193383
5.532332332332325,343.3433943022269,79.13625977982679,1044.0838460726402
5.540540540540533,343.3433943022269,79.16859415170683,1043.7995406256389
5.548748748748741,343.3433943022269,79.20092852358685,1043.5154286415147
5.55695695695695,343.3433943022269,79.2332628954669,1043.2315099097193
5.5651651651651575,343.3433943022269,79.26559726734693,1042.9477842200188
5.573373373373366,343.3433943022269,79.29793163922697,1042.6642513624931
5.581581581581574,343.3433943022269,79.330266011107,1042.3809111275373
5.589789789789783,343.3433943022269,79.36260038298704,1042.097763305858
5.59799799799799,343.3433943022269,79.39493475486708,1041.8148076884752
5.606206206206198,343.3433943022269,79.42726912674712,1041.5320440667208
5.614414414414407,343.3433943022269,79.45960349862715,1041.2494722322388
5.622622622622615,343.3433943022269,79.49193787050719,1040.967091976982
5.630830830830823,343.3433943022269,79.52427224238723,1040.6849030932156
5.639039039039031,343.3433943022269,79.55660661426727,1040.4029053735128
5.64724724724724,343.3433943022269,79.5889409861473,1040.121098610757
5.6554554554554475,343.3433943022269,79.62127535802733,1039.8394825981393
5.663663663663656,343.3433943022269,79.65360972990737,1039.5580571291584
5.671871871871864,343.3433943022269,79.68594410178741,1039.2768219976208
5.680080080080073,343.3433943022269,79.71827847366745,1038.9957769976397
5.68828828828828,343.3433943022269,79.75061284554748,1038.7149219236342
5.696496496496489,343.3433943022269,79.78294721742752,1038.4342565703291
5.704704704704697,343.3433943022269,79.81528158930756,1038.1537807327536
5.7129129129129055,343.3433943022269,79.8476159611876,1037.8734942062422
5.721121121121113,343.3433943022269,79.87995033306763,1037.593396786432
5.729329329329322,343.3433943022269,79.91228470494767,1037.3134882692646
5.73753753753753,343.3433943022269,79.9446190768277,1037.033768450983
5.7457457457457375,343.3433943022269,79.97695344870775,1036.7542371281334
5.753953953953946,343.3433943022269,80.00928782058779,1036.4748940975626
5.762162162162154,343.3433943022269,80.04162219246781,1036.1957391564194
5.770370370370363,343.3433943022269,80.07395656434785,1035.916772102151
5.77857857857857,343.3433943022269,80.1062909362279,1035.637992732507
5.786786786786779,343.3433943022269,80.13862530810793,1035.3594008455343
5.794994994994987,367.3162060752426,80.24026969250994,1157.6478237066676
5.8032032032031955,367.3162060752426,80.38650027735132,1156.2434843957797
5.811411411411403,367.3162060752426,80.53273086219266,1154.843396349633
5.819619619619612,367.3162060752426,80.67896144703404,1153.4475390142354
5.82782782782782,367.3162060752426,80.82519203187539,1152.055891971989
5.836036036036028,367.3162060752426,80.97142261671677,1150.668434940538
5.844244244244236,367.3162060752426,81.11765320155811,1149.2851477716306
5.852452452452445,367.3162060752426,81.26388378639949,1147.9060104499936
5.860660660660653,367.3162060752426,81.41011437124084,1146.531003092217
5.868868868868861,367.3162060752426,81.55634495608221,1145.1601059456495
5.877077077077069,367.3162060752426,81.70257554092356,1143.7932993873073
5.885285285285277,367.3162060752426,81.84880612576492,1142.4305639227912
5.8934934934934855,367.3162060752426,81.99503671060629,1141.0718801852179
5.901701701701693,367.3162060752426,82.14126729544765,1139.7172289341586
5.909909909909902,367.3162060752426,82.28749788028901,1138.3665910545922
5.91811811811811,367.3162060752426,82.43372846513037,1137.0199475558636
5.926326326326318,377.26952504187364,82.58652927393024,1187.366053353305
5.934534534534526,377.26952504187364,82.74128451643924,1185.885063944587
5.942742742742735,377.26952504187364,82.89603975894823,1184.4086839693325
5.950950950950943,377.26952504187364,83.05079500145723,1182.936890516074
5.959159159159151,377.26952504187364,83.20555024396623,1181.4696608296413
5.967367367367359,377.26952504187364,83.36030548647521,1180.0069723098075
5.975575575575568,377.26952504187364,83.51506072898422,1178.548802509948
5.9837837837837755,377.26952504187364,83.66981597149321,1177.095129135716
5.991991991991984,377.26952504187364,83.82457121400222,1175.6459300437277
6.000200200200192,377.26952504187364,83.9793264565112,1174.201183240265
6.008408408408401,377.26952504187364,84.13408169902021,1172.7608668799912
6.016616616616608,377.26952504187364,84.2888369415292,1171.3249592646775
6.024824824824816,377.26952504187364,84.44359218403818,1169.8934388419461
6.033033033033025,377.26952504187364,84.59834742654719,1168.466284204023
6.041241241241233,377.26952504187364,84.75310266905618,1167.0434740865073
6.049449449449441,377.26952504187364,84.90785791156519,1165.6249873671504
6.057657657657649,377.26952504187364,85.06261315407417,1164.2108030646486
6.065865865865858,377.26952504187364,85.21736839658318,1162.8009003374482
6.0740740740740655,377.26952504187364,85.37212363909217,1161.3952584825645
6.082282282282274,377.26952504187364,85.52687888160118,1159.9938569344085
6.090490490490482,377.26952504187364,85.68163412411016,1158.5966752636314
6.098698698698691,377.26952504187364,85.83638936661917,1157.203693175976
6.106906906906898,377.26952504187364,85.99114460912816,1155.814890511143
6.115115115115107,377.26952504187364,86.14589985163715,1154.4302472416668
6.123323323323315,377.26952504187364,86.30065509414615,1153.0497434718034
6.1315315315315235,377.26952504187364,86.45541033665515,1151.6733594364316
6.139739739739731,377.26952504187364,86.61016557916415,1150.3010754999607
6.14794794794794,394.79803987668595,86.94764265891122,1237.5355057509992
6.156156156156148,394.79803987668595,87.29110307337876,1234.2871893688584
6.1643643643643555,394.79803987668595,87.63456348784632,1231.0601050698854
6.172572572572564,394.79803987668595,87.97802390231392,1227.8540316734075
6.180780780780772,394.79803987668595,88.32148431678148,1224.6687511545683
6.188988988988981,394.79803987668595,88.66494473124907,1221.504048587237
6.197197197197188,398.93351414219154,88.8001590901711,1241.6416475379249
6.205405405405397,398.93351414219154,88.90612052613038,1240.6548967256936
6.213613613613605,398.93351414219154,89.01208196208962,1239.6701040426346
6.2218218218218135,398.93351414219154,89.1180433980489,1238.6872632789364
6.230030030030021,398.93351414219154,89.22400483400816,1237.7063682518335
6.23823823823823,398.93351414219154,89.32996626996743,1236.727412805457
6.246446446446438,398.93351414219154,89.43592770592667,1235.7503908106855
6.254654654654646,398.93351414219154,89.54188914188595,1234.7752961649967
6.262862862862854,398.93351414219154,89.6478505778452,1233.802122792322
6.271071071071063,398.93351414219154,89.75381201380446,1232.8308646428995
6.279279279279271,398.93351414219154,89.85977344976372,1231.86151569313
6.287487487487479,398.93351414219154,89.965734885723,1230.8940699454324
6.295695695695687,398.93351414219154,90.07169632168225,1229.9285214281022
6.303903903903896,398.93351414219154,90.17765775764151,1228.9648641951678
6.3121121121121035,398.93351414219154,90.28361919360077,1228.0030923262507
6.320320320320311,398.93351414219154,90.38958062956003,1227.0431999264254
6.32852852852852,398.93351414219154,90.4955420655193,1226.08518112608
6.336736736736728,398.93351414219154,90.60150350147855,1225.129030080778
6.344944944944936,398.93351414219154,90.70746493743782,1224.174740971121
6.353153153153144,398.93351414219154,90.81342637339708,1223.2223080026126
6.361361361361353,398.93351414219154,90.91938780935635,1222.2717254055233
6.369569569569561,398.93351414219154,91.0253492453156,1221.3229874347546
6.377777777777769,398.93351414219154,91.13131068127487,1220.376088369706
6.385985985985977,398.93351414219154,91.23727211723413,1219.4310225141437
6.394194194194186,398.93351414219154,91.34323355319339,1218.4877841960663
6.4024024024023936,398.93351414219154,91.44919498915264,1217.5463677675743
6.410610610610602,417.6518533964919,91.57975905986517,1312.9925246579598
6.41881881881881,417.6518533964919,92.01644443839638,1308.8351583223382
6.427027027027019,417.6518533964919,92.45312981692764,1304.7105454191283
6.4352352352352264,417.6518533964919,92.88981519545885,1300.618275018662
6.443443443443435,417.6518533964919,93.32650057399012,1296.5579432470092
6.451651651651643,421.1511090623485,93.6849406008181,1311.3580509301155
6.459859859859851,421.1511090623485,93.73277029209753,1310.9119089458197
6.468068068068059,421.1511090623485,93.78059998337697,1310.466146227026
6.476276276276267,421.1511090623485,93.8284296746564,1310.0207622581352
6.484484484484476,421.1511090623485,93.87625936593584,1309.575756524512
6.492692692692684,421.1511090623485,93.92408905721527,1309.131128512481
6.500900900900892,421.1511090623485,93.9719187484947,1308.6868777093264
6.5091091091091,421.1511090623485,94.01974843977413,1308.243003603289
6.517317317317309,421.1511090623485,94.06757813105358,1307.799505683563
6.5255255255255165,421.1511090623485,94.11540782233301,1307.356383440295
6.533733733733725,421.1511090623485,94.16323751361244,1306.9136363645816
6.541941941941933,429.14151071031256,94.20810269801753,1348.0725561586253
6.550150150150142,429.14151071031256,94.24340199941584,1347.735917274307
6.558358358358349,429.14151071031256,94.27870130081413,1347.3994884738324
6.566566566566558,429.14151071031256,94.31400060221245,1347.0632695475103
6.574774774774766,429.14151071031256,94.34929990361076,1346.7272602859389
6.5829829829829745,429.14151071031256,94.38459920500907,1346.3914604800018
6.591191191191182,429.14151071031256,94.41989850640738,1346.055869920871
6.59939939939939,429.14151071031256,94.45519780780567,1345.7204884000034
6.607607607607599,429.14151071031256,94.49049710920399,1345.3853157091423
6.6158158158158065,429.14151071031256,94.5257964106023,1345.0503516403155
6.624024024024015,429.14151071031256,94.56109571200061,1344.7155959858362
6.632232232232223,429.14151071031256,94.59639501339892,1344.3810485383015
6.640440440440432,429.14151071031256,94.63169431479723,1344.0467090905918
6.648648648648639,429.14151071031256,94.66699361619553,1343.7125774358715
6.656856856856848,429.14151071031256,94.70229291759384,1343.3786533675875
6.665065065065056,429.14151071031256,94.73759221899215,1343.0449366794676
6.6732732732732645,429.14151071031256,94.77289152039046,1342.7114271655232
6.681481481481472,429.14151071031256,94.80819082178877,1342.3781246200463
6.689689689689681,429.14151071031256,94.84349012318708,1342.0450288376087
6.697897897897889,429.14151071031256,94.87878942458539,1341.7121396130638
6.706106106106097,429.14151071031256,94.9140887259837,1341.379456741544
6.714314314314305,444.32875186670105,94.94721253792838,1421.0971809583375
6.722522522522514,444.32875186670105,94.97837285707156,1420.7863434344547
6.730730730730722,444.32875186670105,95.00953317621473,1420.4756758290648
6.738938938938929,444.32875186670105,95.0406934953579,1420.1651779935992
6.747147147147138,444.32875186670105,95.07185381450107,1419.8548497796687
6.755355355355346,444.32875186670105,95.10301413364424,1419.544691039062
6.7635635635635545,444.32875186670105,95.1341744527874,1419.2347016237459
6.771771771771762,444.32875186670105,95.16533477193057,1418.924881385865
6.779979979979971,444.32875186670105,95.19649509107376,1418.6152301777408
6.788188188188179,444.32875186670105,95.22765541021693,1418.3057478518738
6.796396396396387,444.32875186670105,95.2588157293601,1417.996434260939
6.804604604604595,444.32875186670105,95.28997604850326,1417.6872892577892
6.812812812812804,444.32875186670105,95.32113636764643,1417.3783126954538
6.821021021021012,444.32875186670105,95.3522966867896,1417.0695044271379
6.82922922922922,444.32875186670105,95.38345700593278,1416.760864306223
6.837437437437428,444.32875186670105,95.41461732507595,1416.4523921862656
6.845645645645637,444.32875186670105,95.44577764421912,1416.1440879209977
6.8538538538538445,444.32875186670105,95.47693796336229,1415.835951364326
6.862062062062053,444.32875186670105,95.50809828250546,1415.5279823703333
6.870270270270261,444.32875186670105,95.53925860164864,1415.2201807932747
6.878478478478469,444.32875186670105,95.57041892079181,1414.9125464875817
6.886686686686677,444.32875186670105,95.60157923993498,1414.6050793078584
6.894894894894885,444.32875186670105,95.63273955907815,1414.2977791088836
6.903103103103094,444.32875186670105,95.66389987822132,1413.9906457456084
6.911311311311302,444.32875186670105,95.69506019736448,1413.683679073158
6.91951951951951,444.32875186670105,95.72622051650767,1413.3768789468297
6.927727727727718,444.32875186670105,95.75738083565084,1413.0702452220955
6.935935935935927,444.32875186670105,95.788541154794,1412.763777754597
6.9441441441441345,444.32875186670105,95.81970147393717,1412.4574764001495
6.952352352352343,444.32875186670105,95.85086179308034,1412.1513410147402
6.960560560560551,444.32875186670105,95.88202211222351,1411.8453714545276
6.96876876876876,444.32875186670105,95.91318243136669,1411.5395675758416
6.976976976976967,444.32875186670105,95.94434275050986,1411.2339292351828
6.985185185185176,444.32875186670105,95.97550306965303,1410.9284562892237
6.993393393393384,444.32875186670105,96.0066633887962,1410.6231485948065
7.0016016016015925,444.32875186670105,96.03782370793937,1410.3180060089433
7.0098098098098,444.32875186670105,96.06898402708254,1410.013028388818
7.018018018018008,444.32875186670105,96.10014434622572,1409.7082155917824
7.026226226226217,444.32875186670105,96.13130466536889,1409.4035674753588
7.0344344344344245,444.32875186670105,96.16246498451206,1409.099083897239
7.042642642642633,444.32875186670105,96.19362530365522,1408.7947647152835
7.050850850850841,444.32875186670105,96.2247856227984,1408.490609787521
7.05905905905905,444.32875186670105,96.25594594194158,1408.1866189721497
7.067267267267257,444.32875186670105,96.28710626108474,1407.8827921275354
7.075475475475466,444.32875186670105,96.31826658022791,1407.579129112213
7.083683683683674,444.32875186670105,96.34942689937108,1407.2756297848837
7.0918918918918825,444.32875186670105,96.38058721851425,1406.9722940044167
7.10010010010009,444.32875186670105,96.41174753765742,1406.669121629849
7.108308308308299,444.32875186670105,96.4429078568006,1406.3661125203841
7.116516516516507,444.32875186670105,96.47406817594377,1406.0632665353921
7.124724724724715,444.32875186670105,96.50522849508694,1405.7605835344104
7.132932932932923,444.32875186670105,96.53638881423011,1405.4580633771423
7.141141141141132,444.32875186670105,96.56754913337328,1405.1557059234558
7.14934934934934,444.32875186670105,96.59870945251645,1404.853511033387
7.157557557557547,444.32875186670105,96.62986977165963,1404.5514785671357
7.165765765765756,444.32875186670105,96.6610300908028,1404.2496083850679
7.173973973973964,444.32875186670105,96.69219040994597,1403.9479003477138
7.1821821821821725,444.32875186670105,96.72335072908913,1403.6463543157693
7.19039039039038,444.32875186670105,96.7545110482323,1403.3449701500936
7.198598598598589,444.32875186670105,96.78567136737549,1403.0437477117118
7.206806806806797,444.32875186670105,96.81683168651865,1402.7426868618118
7.215015015015005,444.32875186670105,96.84799200566182,1402.4417874617454
7.223223223223213,444.32875186670105,96.87915232480499,1402.141049373028
7.231431431431422,444.32875186670105,96.91031264394816,1401.8404724573386
7.23963963963963,444.32875186670105,96.94147296309133,1401.5400565765187
7.247847847847838,444.32875186670105,96.97263328223451,1401.239801592573
7.256056056056046,444.32875186670105,97.00379360137768,1400.9397073676696
7.264264264264255,444.32875186670105,97.03495392052085,1400.6397737641362
7.2724724724724625,444.32875186670105,97.06611423966402,1400.3400006444654
7.280680680680671,444.32875186670105,97.09727455880719,1400.040387871311
7.288888888888879,444.32875186670105,97.12843487795035,1399.740935307486
7.297097097097087,444.32875186670105,97.15959519709352,1399.4416428159686
7.305305305305295,444.32875186670105,97.1907555162367,1399.1425102598948
7.313513513513503,444.32875186670105,97.22191583537987,1398.8435375025638
7.321721721721712,444.32875186670105,97.25307615452304,1398.5447244074337
7.32992992992992,444.32875186670105,97.28423647366621,1398.2460708381234
7.338138138138128,444.32875186670105,97.3153967928094,1397.9475766584128
7.346346346346336,444.32875186670105,97.34655711195256,1397.6492417322406
7.354554554554545,444.32875186670105,97.37771743109573,1397.3510659237058
7.3627627627627525,444.32875186670105,97.4088777502389,1397.0530490970668
7.370970970970961,444.32875186670105,97.44003806938207,1396.7551911167407
7.379179179179169,444.32875186670105,97.47119838852524,1396.4574918473038
7.387387387387378,444.32875186670105,97.50235870766842,1396.1599511534907
7.395595595595585,444.32875186670105,97.53351902681159,1395.862568900196
7.403803803803794,444.32875186670105,97.56467934595476,1395.5653449524707
7.412012012012002,444.32875186670105,97.59583966509793,1395.2682791755244
7.4202202202202105,444.32875186670105,97.6269999842411,1394.9713714347247
7.428428428428418,444.32875186670105,97.65816030338426,1394.674621595597
7.436636636636626,444.32875186670105,97.68932062252743,1394.378029523823
7.444844844844835,444.32875186670105,97.72048094167062,1394.081595085242
7.4530530530530426,511.51104249429517,97.76299683381784,1762.3002996159955
7.461261261261251,511.51104249429517,97.82468689021782,1761.5593289539786
7.469469469469459,511.51104249429517,97.88637694661779,1760.8191366659387
7.477677677677668,511.51104249429517,97.94806700301775,1760.079721444434
7.4858858858858754,511.51104249429517,98.00975705941772,1759.3410819850428
7.494094094094084,511.51104249429517,98.0714471158177,1758.6032169863502
7.502302302302292,511.51104249429517,98.13313717221767,1757.8661251499432
7.510510510510501,511.51104249429517,98.19482722861764,1757.1298051803988
7.518718718718708,511.51104249429517,98.25651728501761,1756.3942557852774
7.526926926926917,511.51104249429517,98.31820734141759,1755.6594756751126
7.535135135135125,511.51104249429517,98.37989739781756,1754.9254635634034
7.5433433433433335,519.8127035982213,98.44165387278987,1801.8976137090792
7.551551551551541,519.8127035982213,98.50350699275067,1801.1432266488653
7.55975975975975,519.8127035982213,98.56536011271147,1800.3896286771542
7.567967967967958,521.6651396252598,98.93351829371113,1806.5997819805398
7.5761761761761655,521.6651396252598,99.3109118031848,1802.020012780132
7.584384384384374,523.5280265142535,99.68838920522536,1808.1789290820257
7.592592592592582,523.5280265142535,100.06593977384244,1803.6278700558737
7.600800800800791,523.5280265142535,100.44349034245957,1799.105340070263
7.609009009008998,523.5280265142535,100.82104091107665,1794.6110540551306
7.617217217217207,523.5280265142535,101.19859147969377,1790.1447308424774
7.625425425425415,523.5280265142535,101.57614204831087,1785.7060930986459
7.6336336336336235,523.5280265142535,101.953692616928,1781.2948672580137
7.641841841841831,523.5280265142535,102.33124318554508,1776.9107834580798
7.65005005005004,530.190828139657,102.7087937541622,1810.3108789201615
7.658258258258248,530.190828139657,103.0863443227793,1805.8880377686596
7.666466466466456,530.190828139657,103.46389489139642,1801.492112029541
7.674674674674664,530.190828139657,103.84144546001352,1797.1228405840843
7.682882882882873,533.1142721431071,104.21900181648338,1809.2856507668027
7.691091091091081,533.1142721431071,104.59656886440342,1804.9289859431747
7.699299299299289,533.1142721431071,104.9741359123235,1800.5984532918435
7.707507507507497,533.1142721431071,105.35170296024354,1796.2938029182365
7.715715715715705,533.1142721431071,105.72927000816358,1792.0147882018357
7.7239239239239135,537.0756245674405,106.0095237733121,1811.0636371275418
7.732132132132121,537.0756245674405,106.18352732155796,1809.0845628610818
7.74034034034033,537.0756245674405,106.35753086980382,1807.1108864248517
7.748548548548538,537.0756245674405,106.53153441804967,1805.142584301618
7.756756756756746,537.0756245674405,106.70553796629555,1803.179633114798
7.764964964964954,537.0756245674405,106.8795415145414,1801.2220096273952
7.773173173173163,537.0756245674405,107.05354506278728,1799.2696907409354
7.781381381381371,537.0756245674405,107.22754861103313,1797.3226534944206
7.789589589589579,537.0756245674405,107.40155215927899,1795.3808750632877
7.797797797797787,537.0756245674405,107.57555570752486,1793.4443327583783
7.806006006005996,537.0756245674405,107.74955925577072,1791.5130040249194
7.8142142142142035,537.0756245674405,107.92356280401657,1789.5868664415125
7.822422422422412,537.0756245674405,108.09756635226245,1787.6658977191273
7.83063063063062,537.0756245674405,108.2715699005083,1785.7500757001133
7.838838838838829,537.0756245674405,108.44557344875417,1783.8393783572142
7.847047047047036,537.0756245674405,108.61957699700002,1781.933783792592
7.855255255255244,537.0756245674405,108.79358054524587,1780.0332702368614
7.863463463463453,551.267733990062,108.92649040307846,1857.604174977393
7.871671671671661,551.267733990062,109.00310428040359,1856.7336497071544
7.879879879879869,551.267733990062,109.07971815772872,1855.864143601737
7.888088088088077,551.267733990062,109.15633203505384,1854.9956547533875
7.896296296296286,551.267733990062,109.23294591237897,1854.1281812592572
7.9045045045044935,551.267733990062,109.3095597897041,1853.2617212213895
7.912712712712702,551.267733990062,109.38617366702923,1852.3962727467026
7.92092092092091,551.267733990062,109.46278754435434,1851.5318339469727
7.929129129129119,551.267733990062,109.53940142167947,1850.6684029388198
7.937337337337326,551.267733990062,109.61601529900459,1849.80597784369
7.945545545545535,551.267733990062,109.69262917632972,1848.944556787842
7.953753753753743,551.267733990062,109.76924305365485,1848.0841379023295
7.9619619619619515,551.267733990062,109.84585693097998,1847.2247193229869
7.970170170170159,551.267733990062,109.92247080830509,1846.3662991904134
7.978378378378368,551.267733990062,109.99908468563022,1845.508875649956
7.986586586586576,551.267733990062,110.07569856295535,1844.652446851697
7.9947947947947835,551.267733990062,110.15231244028047,1843.7970109504354
8.003003003002991,551.267733990062,110.2289263176056,1842.9425661056757
8.0112112112112,551.267733990062,110.30554019493073,1842.0891104816071
8.019419419419409,551.267733990062,110.38215407225586,1841.2366422470936
8.027627627627616,551.267733990062,110.45876794958097,1840.385159575656
8.035835835835824,551.267733990062,110.5353818269061,1839.5346606454573
8.044044044044034,551.267733990062,110.61199570423123,1838.6851436392885
8.052252252252242,551.267733990062,110.68860958155636,1837.8366067445515
8.06046046046045,551.267733990062,110.76522345888148,1836.9890481532482
8.068668668668657,551.267733990062,110.8418373362066,1836.1424660619614
8.076876876876867,551.267733990062,110.91845121353174,1835.2968586718416
8.085085085085074,551.267733990062,110.99506509085685,1834.4522241885943
8.093293293293282,551.267733990062,111.07167896818198,1833.6085608224619
8.10150150150149,551.267733990062,111.1482928455071,1832.7658667882122
8.1097097097097,551.267733990062,111.22490672283224,1831.9241403051203
8.117917917917907,551.267733990062,111.30152060015736,1831.0833795969588
8.126126126126115,551.267733990062,111.37813447748249,1830.243582891979
8.134334334334323,551.267733990062,111.4547483548076,1829.4047484228993
8.14254254254253,551.267733990062,111.53136223213274,1828.5668744268892
8.15075075075074,551.267733990062,111.60797610945787,1827.7299591455564
8.158958958958948,551.267733990062,111.684589986783,1826.8940008249313
8.167167167167156,551.267733990062,111.76120386410811,1826.0589977154546
8.175375375375364,551.267733990062,111.83781774143324,1825.2249480719604
8.183583583583573,551.267733990062,111.91443161875837,1824.3918501536652
8.19179179179178,551.267733990062,111.9910454960835,1823.5597022241527
8.199999999999989,551.267733990062,112.06765937340862,1822.7285025513581
